code,name,charge,polarity,hydrophobicity,mw
A,Alanine,0,nonpolar,1.8,89.1
R,Arginine,1,polar,-4.5,174.2
N,Asparagine,0,polar,-3.5,132.1
D,AsparticAcid,-1,polar,-3.5,133.1
C,Cysteine,0,nonpolar,2.5,121.2
Q,Glutamine,0,polar,-3.5,146.1
E,GlutamicAcid,-1,polar,-3.5,147.1
G,Glycine,0,nonpolar,-0.4,75.1
H,Histidine,1,polar,-3.2,155.2
I,Isoleucine,0,nonpolar,4.5,131.2
L,Leucine,0,nonpolar,3.8,131.2
K,Lysine,1,polar,-3.9,146.2
M,Methionine,0,nonpolar,1.9,149.2
F,Phenylalanine,0,nonpolar,2.8,165.2
P,Proline,0,nonpolar,-1.6,115.1
S,Serine,0,polar,-0.8,105.1
T,Threonine,0,polar,-0.7,119.1
W,Tryptophan,0,nonpolar,-0.9,204.2
Y,Tyrosine,0,polar,-1.3,181.2
V,Valine,0,nonpolar,4.2,117.1

